-- MySQL dump 10.13  Distrib 8.0.43, for Linux (x86_64)
--
-- Host: localhost    Database: rota_track
-- ------------------------------------------------------
-- Server version	8.0.43

/*!40101 SET @OLD_CHARACTER_SET_CLIENT=@@CHARACTER_SET_CLIENT */;
/*!40101 SET @OLD_CHARACTER_SET_RESULTS=@@CHARACTER_SET_RESULTS */;
/*!40101 SET @OLD_COLLATION_CONNECTION=@@COLLATION_CONNECTION */;
/*!50503 SET NAMES utf8mb4 */;
/*!40103 SET @OLD_TIME_ZONE=@@TIME_ZONE */;
/*!40103 SET TIME_ZONE='+00:00' */;
/*!40014 SET @OLD_UNIQUE_CHECKS=@@UNIQUE_CHECKS, UNIQUE_CHECKS=0 */;
/*!40014 SET @OLD_FOREIGN_KEY_CHECKS=@@FOREIGN_KEY_CHECKS, FOREIGN_KEY_CHECKS=0 */;
/*!40101 SET @OLD_SQL_MODE=@@SQL_MODE, SQL_MODE='NO_AUTO_VALUE_ON_ZERO' */;
/*!40111 SET @OLD_SQL_NOTES=@@SQL_NOTES, SQL_NOTES=0 */;

--
-- Table structure for table `assignments`
--

DROP TABLE IF EXISTS `assignments`;
/*!40101 SET @saved_cs_client     = @@character_set_client */;
/*!50503 SET character_set_client = utf8mb4 */;
CREATE TABLE `assignments` (
  `id` int NOT NULL AUTO_INCREMENT,
  `porter_id` int NOT NULL,
  `department_id` int NOT NULL,
  `shift_pattern_id` varchar(50) NOT NULL,
  `start_date` date NOT NULL,
  `end_date` date DEFAULT NULL,
  `is_permanent` tinyint(1) DEFAULT '0',
  `is_active` tinyint(1) DEFAULT '1',
  `created_at` timestamp NULL DEFAULT CURRENT_TIMESTAMP,
  `updated_at` timestamp NULL DEFAULT CURRENT_TIMESTAMP ON UPDATE CURRENT_TIMESTAMP,
  PRIMARY KEY (`id`),
  KEY `idx_porter` (`porter_id`),
  KEY `idx_department` (`department_id`),
  KEY `idx_shift_pattern` (`shift_pattern_id`),
  KEY `idx_dates` (`start_date`,`end_date`),
  KEY `idx_active` (`is_active`),
  CONSTRAINT `assignments_ibfk_1` FOREIGN KEY (`porter_id`) REFERENCES `porters` (`id`) ON DELETE CASCADE,
  CONSTRAINT `assignments_ibfk_2` FOREIGN KEY (`department_id`) REFERENCES `departments` (`id`) ON DELETE CASCADE,
  CONSTRAINT `assignments_ibfk_3` FOREIGN KEY (`shift_pattern_id`) REFERENCES `shift_patterns` (`id`) ON DELETE CASCADE
) ENGINE=InnoDB AUTO_INCREMENT=38 DEFAULT CHARSET=utf8mb4 COLLATE=utf8mb4_0900_ai_ci;
/*!40101 SET character_set_client = @saved_cs_client */;

--
-- Dumping data for table `assignments`
--

LOCK TABLES `assignments` WRITE;
/*!40000 ALTER TABLE `assignments` DISABLE KEYS */;
INSERT INTO `assignments` VALUES (1,1,1,'day_shift','2025-01-11',NULL,1,1,'2025-09-12 10:07:11','2025-09-12 10:07:11'),(2,2,1,'day_shift','2025-01-11',NULL,1,1,'2025-09-12 10:07:11','2025-09-12 10:07:11'),(3,3,2,'day_shift','2025-01-11',NULL,1,1,'2025-09-12 10:07:11','2025-09-12 10:07:11'),(4,4,3,'early_shift','2025-01-11',NULL,1,1,'2025-09-12 10:07:11','2025-09-12 10:07:11'),(5,5,4,'day_shift','2025-01-11',NULL,1,1,'2025-09-12 10:07:11','2025-09-12 10:07:11'),(6,6,1,'night_shift','2025-01-11',NULL,1,1,'2025-09-12 10:07:11','2025-09-12 10:07:11'),(7,7,2,'late_shift','2025-01-11',NULL,1,1,'2025-09-12 10:07:11','2025-09-12 10:07:11'),(8,8,5,'day_shift','2025-01-11',NULL,1,1,'2025-09-12 10:07:11','2025-09-12 10:07:11'),(9,9,4,'late_shift','2025-01-11',NULL,1,1,'2025-09-12 10:07:11','2025-09-12 10:07:11'),(10,10,3,'day_shift','2025-01-11',NULL,1,1,'2025-09-12 10:07:11','2025-09-12 10:07:11'),(11,80,13,'day_shift','2025-09-12',NULL,1,1,'2025-09-12 16:08:04','2025-09-12 16:08:04'),(12,80,13,'day_shift','2025-09-12',NULL,1,1,'2025-09-12 16:11:59','2025-09-12 16:11:59'),(13,76,11,'day_shift','2025-09-12',NULL,1,1,'2025-09-12 16:12:39','2025-09-12 16:12:39'),(14,81,16,'day_shift','2025-09-12',NULL,1,1,'2025-09-12 17:49:40','2025-09-12 17:49:40'),(15,66,4,'day_shift','2025-09-12',NULL,1,1,'2025-09-12 17:51:09','2025-09-12 17:51:09'),(16,47,12,'day_shift','2025-09-12',NULL,1,1,'2025-09-12 17:51:55','2025-09-12 17:51:55'),(17,52,12,'day_shift','2025-09-12',NULL,1,1,'2025-09-12 17:52:32','2025-09-12 17:52:32'),(18,67,7,'day_shift','2025-09-12',NULL,1,1,'2025-09-12 17:53:29','2025-09-12 17:53:29'),(19,68,7,'day_shift','2025-09-12',NULL,1,1,'2025-09-12 17:54:10','2025-09-12 17:54:10'),(20,73,18,'day_shift','2025-09-12',NULL,1,1,'2025-09-12 17:54:53','2025-09-12 17:54:53'),(21,82,16,'day_shift','2025-09-12',NULL,1,1,'2025-09-12 17:55:46','2025-09-12 17:55:46'),(22,51,12,'day_shift','2025-09-12',NULL,1,1,'2025-09-12 17:56:32','2025-09-12 17:56:32'),(23,44,1,'day_shift','2025-09-12',NULL,1,1,'2025-09-12 17:57:12','2025-09-12 17:57:12'),(24,72,18,'day_shift','2025-09-12',NULL,1,1,'2025-09-12 17:57:40','2025-09-12 17:57:40'),(25,79,13,'day_shift','2025-09-12',NULL,1,1,'2025-09-12 17:58:11','2025-09-12 17:58:11'),(26,48,2,'day_shift','2025-09-12',NULL,1,1,'2025-09-12 17:58:48','2025-09-12 17:58:48'),(27,69,15,'day_shift','2025-09-12',NULL,1,1,'2025-09-12 17:59:16','2025-09-12 17:59:16'),(28,45,1,'day_shift','2025-09-12',NULL,1,1,'2025-09-12 17:59:39','2025-09-12 17:59:39'),(29,77,11,'day_shift','2025-09-12',NULL,1,1,'2025-09-12 18:00:13','2025-09-12 18:00:13'),(30,74,11,'day_shift','2025-09-12',NULL,1,1,'2025-09-12 18:01:01','2025-09-12 18:01:01'),(31,78,14,'day_shift','2025-09-12',NULL,1,1,'2025-09-12 18:01:34','2025-09-12 18:01:34'),(32,65,4,'day_shift','2025-09-12',NULL,1,1,'2025-09-12 18:02:02','2025-09-12 18:02:02'),(33,53,5,'day_shift','2025-09-12',NULL,1,1,'2025-09-12 18:02:52','2025-09-12 18:02:52'),(34,75,11,'day_shift','2025-09-12',NULL,1,1,'2025-09-12 18:03:23','2025-09-12 18:03:23'),(35,50,2,'day_shift','2025-09-12',NULL,1,1,'2025-09-12 18:04:07','2025-09-12 18:04:07'),(36,43,1,'day_shift','2025-09-12',NULL,1,1,'2025-09-12 18:04:31','2025-09-12 18:04:31'),(37,83,19,'day_shift','2025-09-12',NULL,1,1,'2025-09-12 18:04:58','2025-09-12 18:04:58');
/*!40000 ALTER TABLE `assignments` ENABLE KEYS */;
UNLOCK TABLES;

--
-- Table structure for table `departments`
--

DROP TABLE IF EXISTS `departments`;
/*!40101 SET @saved_cs_client     = @@character_set_client */;
/*!50503 SET character_set_client = utf8mb4 */;
CREATE TABLE `departments` (
  `id` int NOT NULL AUTO_INCREMENT,
  `name` varchar(255) NOT NULL,
  `code` varchar(10) NOT NULL,
  `operating_hours` json NOT NULL,
  `required_staff` int DEFAULT '1',
  `is_active` tinyint(1) DEFAULT '1',
  `created_at` timestamp NULL DEFAULT CURRENT_TIMESTAMP,
  `updated_at` timestamp NULL DEFAULT CURRENT_TIMESTAMP ON UPDATE CURRENT_TIMESTAMP,
  PRIMARY KEY (`id`),
  UNIQUE KEY `code` (`code`),
  KEY `idx_code` (`code`),
  KEY `idx_active` (`is_active`)
) ENGINE=InnoDB AUTO_INCREMENT=20 DEFAULT CHARSET=utf8mb4 COLLATE=utf8mb4_0900_ai_ci;
/*!40101 SET character_set_client = @saved_cs_client */;

--
-- Dumping data for table `departments`
--

LOCK TABLES `departments` WRITE;
/*!40000 ALTER TABLE `departments` DISABLE KEYS */;
INSERT INTO `departments` VALUES (1,'A+E','ED','{\"friday\": {\"end\": \"23:59\", \"start\": \"00:00\"}, \"monday\": {\"end\": \"23:59\", \"start\": \"00:00\"}, \"sunday\": {\"end\": \"23:59\", \"start\": \"00:00\"}, \"tuesday\": {\"end\": \"23:59\", \"start\": \"00:00\"}, \"saturday\": {\"end\": \"23:59\", \"start\": \"00:00\"}, \"thursday\": {\"end\": \"23:59\", \"start\": \"00:00\"}, \"wednesday\": {\"end\": \"23:59\", \"start\": \"00:00\"}}',2,1,'2025-09-12 10:07:11','2025-09-12 14:50:02'),(2,'Xray - Ground Floor','OPD','{\"friday\": {\"end\": \"17:00\", \"start\": \"08:00\"}, \"monday\": {\"end\": \"17:00\", \"start\": \"08:00\"}, \"sunday\": null, \"tuesday\": {\"end\": \"17:00\", \"start\": \"08:00\"}, \"saturday\": null, \"thursday\": {\"end\": \"17:00\", \"start\": \"08:00\"}, \"wednesday\": {\"end\": \"17:00\", \"start\": \"08:00\"}}',2,1,'2025-09-12 10:07:11','2025-09-12 15:44:35'),(3,'CT Scan','THR','{\"friday\": {\"end\": \"20:00\", \"start\": \"07:00\"}, \"monday\": {\"end\": \"20:00\", \"start\": \"07:00\"}, \"sunday\": null, \"tuesday\": {\"end\": \"20:00\", \"start\": \"07:00\"}, \"saturday\": {\"end\": \"16:00\", \"start\": \"08:00\"}, \"thursday\": {\"end\": \"20:00\", \"start\": \"07:00\"}, \"wednesday\": {\"end\": \"20:00\", \"start\": \"07:00\"}}',1,0,'2025-09-12 10:07:11','2025-09-12 15:22:49'),(4,'Medical Records','WARD','{\"friday\": {\"end\": \"16:00\", \"start\": \"08:00\"}, \"monday\": {\"end\": \"16:00\", \"start\": \"08:00\"}, \"sunday\": null, \"tuesday\": {\"end\": \"16:00\", \"start\": \"08:00\"}, \"saturday\": null, \"thursday\": {\"end\": \"16:00\", \"start\": \"08:00\"}, \"wednesday\": {\"end\": \"16:00\", \"start\": \"08:00\"}}',3,1,'2025-09-12 10:07:11','2025-09-12 15:43:02'),(5,'Xray - Lower Ground','RAD','{\"friday\": {\"end\": \"23:59\", \"start\": \"00:00\"}, \"monday\": {\"end\": \"23:59\", \"start\": \"00:00\"}, \"sunday\": {\"end\": \"23:59\", \"start\": \"00:00\"}, \"tuesday\": {\"end\": \"23:59\", \"start\": \"00:00\"}, \"saturday\": {\"end\": \"23:59\", \"start\": \"00:00\"}, \"thursday\": {\"end\": \"23:59\", \"start\": \"00:00\"}, \"wednesday\": {\"end\": \"23:59\", \"start\": \"00:00\"}}',2,1,'2025-09-12 10:07:11','2025-09-12 15:44:50'),(6,'Blood Drivers','BLOOD_DRIV','{\"end_time\": \"18:00\", \"is_24_hour\": false, \"start_time\": \"07:00\", \"days_of_week\": [1, 2, 3, 4, 5], \"requires_shift_support\": false}',4,0,'2025-09-12 14:53:35','2025-09-12 15:18:26'),(7,'Post','POST','{\"friday\": {\"end\": \"17:00\", \"start\": \"08:00\"}, \"monday\": {\"end\": \"17:00\", \"start\": \"08:00\"}, \"sunday\": null, \"tuesday\": {\"end\": \"17:00\", \"start\": \"08:00\"}, \"saturday\": null, \"thursday\": {\"end\": \"17:00\", \"start\": \"08:00\"}, \"wednesday\": {\"end\": \"17:00\", \"start\": \"08:00\"}}',2,1,'2025-09-12 14:54:03','2025-09-12 15:35:52'),(8,'Test Department','TEST','{\"friday\": {\"end\": \"17:00\", \"start\": \"09:00\"}, \"monday\": {\"end\": \"17:00\", \"start\": \"09:00\"}, \"sunday\": null, \"tuesday\": {\"end\": \"17:00\", \"start\": \"09:00\"}, \"saturday\": null, \"thursday\": {\"end\": \"17:00\", \"start\": \"09:00\"}, \"wednesday\": {\"end\": \"17:00\", \"start\": \"09:00\"}}',2,0,'2025-09-12 15:11:36','2025-09-12 15:11:43'),(11,'Blood Drivers','BLOOD_DR','{\"friday\": {\"end\": \"17:00\", \"start\": \"08:30\"}, \"monday\": {\"end\": \"17:00\", \"start\": \"08:30\"}, \"tuesday\": {\"end\": \"17:00\", \"start\": \"08:30\"}, \"thursday\": {\"end\": \"17:00\", \"start\": \"08:30\"}, \"wednesday\": {\"end\": \"17:00\", \"start\": \"08:30\"}}',4,1,'2025-09-12 15:22:37','2025-09-12 15:42:03'),(12,'CT Scan','CT_SCAN','{\"friday\": {\"end\": \"23:59\", \"start\": \"00:00\"}, \"monday\": {\"end\": \"23:59\", \"start\": \"00:00\"}, \"sunday\": {\"end\": \"23:59\", \"start\": \"00:00\"}, \"tuesday\": {\"end\": \"23:59\", \"start\": \"00:00\"}, \"saturday\": {\"end\": \"23:59\", \"start\": \"00:00\"}, \"thursday\": {\"end\": \"23:59\", \"start\": \"00:00\"}, \"wednesday\": {\"end\": \"23:59\", \"start\": \"00:00\"}}',1,1,'2025-09-12 15:23:03','2025-09-12 15:32:41'),(13,'External Waste','EXTERNAL','{\"friday\": {\"end\": \"15:00\", \"start\": \"07:00\"}, \"monday\": {\"end\": \"15:00\", \"start\": \"07:00\"}, \"sunday\": {\"end\": \"15:00\", \"start\": \"08:00\"}, \"tuesday\": {\"end\": \"15:00\", \"start\": \"07:00\"}, \"saturday\": {\"end\": \"15:00\", \"start\": \"08:00\"}, \"thursday\": {\"end\": \"15:00\", \"start\": \"07:00\"}, \"wednesday\": {\"end\": \"15:00\", \"start\": \"07:00\"}}',2,1,'2025-09-12 15:45:59','2025-09-12 15:45:59'),(14,'Laundry','LAUNDRY','{\"friday\": {\"end\": \"15:00\", \"start\": \"07:00\"}, \"monday\": {\"end\": \"15:00\", \"start\": \"07:00\"}, \"sunday\": null, \"tuesday\": {\"end\": \"15:00\", \"start\": \"07:00\"}, \"saturday\": null, \"thursday\": {\"end\": \"15:00\", \"start\": \"07:00\"}, \"wednesday\": {\"end\": \"15:00\", \"start\": \"07:00\"}}',2,1,'2025-09-12 15:47:01','2025-09-12 15:47:01'),(15,'Sharps/Cages','SHARPS/C','{\"friday\": {\"end\": \"15:00\", \"start\": \"07:00\"}, \"monday\": {\"end\": \"15:00\", \"start\": \"07:00\"}, \"sunday\": null, \"tuesday\": {\"end\": \"15:00\", \"start\": \"07:00\"}, \"saturday\": null, \"thursday\": {\"end\": \"15:00\", \"start\": \"07:00\"}, \"wednesday\": {\"end\": \"15:00\", \"start\": \"07:00\"}}',1,1,'2025-09-12 15:47:59','2025-09-12 15:47:59'),(16,'Ad-Hoc','AD-HOC','{\"friday\": {\"end\": \"15:00\", \"start\": \"07:00\"}, \"monday\": {\"end\": \"15:00\", \"start\": \"07:00\"}, \"sunday\": null, \"tuesday\": {\"end\": \"15:00\", \"start\": \"07:00\"}, \"saturday\": null, \"thursday\": {\"end\": \"15:00\", \"start\": \"07:00\"}, \"wednesday\": {\"end\": \"15:00\", \"start\": \"07:00\"}}',2,1,'2025-09-12 15:48:45','2025-09-12 15:48:45'),(17,'Help Desk','HELP_DES','{\"friday\": {\"end\": \"16:00\", \"start\": \"08:00\"}, \"monday\": {\"end\": \"16:00\", \"start\": \"08:00\"}, \"sunday\": null, \"tuesday\": {\"end\": \"16:00\", \"start\": \"08:00\"}, \"saturday\": null, \"thursday\": {\"end\": \"16:00\", \"start\": \"08:00\"}, \"wednesday\": {\"end\": \"16:00\", \"start\": \"08:00\"}}',1,1,'2025-09-12 15:49:21','2025-09-12 15:49:21'),(18,'District Drivers','DISTRICT','{\"friday\": {\"end\": \"15:30\", \"start\": \"07:00\"}, \"monday\": {\"end\": \"15:30\", \"start\": \"07:00\"}, \"sunday\": null, \"tuesday\": {\"end\": \"15:30\", \"start\": \"07:00\"}, \"saturday\": null, \"thursday\": {\"end\": \"15:30\", \"start\": \"07:00\"}, \"wednesday\": {\"end\": \"15:30\", \"start\": \"07:00\"}}',2,1,'2025-09-12 15:50:25','2025-09-12 15:50:25'),(19,'Pharmacy','PHARMACY','{\"friday\": {\"end\": \"20:00\", \"start\": \"15:00\"}, \"monday\": {\"end\": \"20:00\", \"start\": \"15:00\"}, \"sunday\": {\"end\": \"20:00\", \"start\": \"15:00\"}, \"tuesday\": {\"end\": \"20:00\", \"start\": \"15:00\"}, \"saturday\": {\"end\": \"20:00\", \"start\": \"15:00\"}, \"thursday\": {\"end\": \"20:00\", \"start\": \"15:00\"}, \"wednesday\": {\"end\": \"20:00\", \"start\": \"15:00\"}}',1,1,'2025-09-12 15:51:35','2025-09-12 15:51:35');
/*!40000 ALTER TABLE `departments` ENABLE KEYS */;
UNLOCK TABLES;

--
-- Table structure for table `porters`
--

DROP TABLE IF EXISTS `porters`;
/*!40101 SET @saved_cs_client     = @@character_set_client */;
/*!50503 SET character_set_client = utf8mb4 */;
CREATE TABLE `porters` (
  `id` int NOT NULL AUTO_INCREMENT,
  `name` varchar(255) NOT NULL,
  `employee_id` varchar(50) NOT NULL,
  `email` varchar(255) NOT NULL,
  `phone` varchar(20) DEFAULT NULL,
  `role` varchar(100) NOT NULL,
  `shift_group` varchar(255) DEFAULT NULL,
  `qualifications` json DEFAULT NULL,
  `is_active` tinyint(1) DEFAULT '1',
  `created_at` timestamp NULL DEFAULT CURRENT_TIMESTAMP,
  `updated_at` timestamp NULL DEFAULT CURRENT_TIMESTAMP ON UPDATE CURRENT_TIMESTAMP,
  PRIMARY KEY (`id`),
  UNIQUE KEY `employee_id` (`employee_id`),
  UNIQUE KEY `email` (`email`),
  KEY `idx_employee_id` (`employee_id`),
  KEY `idx_role` (`role`),
  KEY `idx_active` (`is_active`),
  KEY `idx_shift_group` (`shift_group`)
) ENGINE=InnoDB AUTO_INCREMENT=90 DEFAULT CHARSET=utf8mb4 COLLATE=utf8mb4_0900_ai_ci;
/*!40101 SET character_set_client = @saved_cs_client */;

--
-- Dumping data for table `porters`
--

LOCK TABLES `porters` WRITE;
/*!40000 ALTER TABLE `porters` DISABLE KEYS */;
INSERT INTO `porters` VALUES (1,'Stephen Cooper','P001','stephen.cooper@hospital.nhs.uk','01234 567890','Day Shift One','Day Shift A','[\"Basic Porter\", \"Manual Handling\"]',1,'2025-09-12 10:07:11','2025-09-12 16:01:10'),(2,'Darren Milhench','P002','darren.milhench@hospital.nhs.uk','01234 567891','Day Shift One','Day Shift A','[\"Basic Porter\", \"Manual Handling\"]',1,'2025-09-12 10:07:11','2025-09-12 13:41:53'),(3,'Darren Mycroft','P003','darren.mycroft@hospital.nhs.uk','01234 567892','Day Shift One','Day Shift A','[\"Basic Porter\", \"Manual Handling\"]',1,'2025-09-12 10:07:11','2025-09-12 13:28:10'),(4,'Kevin Gaskell','P004','kevin.gaskell@hospital.nhs.uk','01234 567893','Day Shift One','Day Shift A','[\"Basic Porter\", \"Manual Handling\"]',1,'2025-09-12 10:07:11','2025-09-12 13:28:10'),(5,'Merv Permalloo','P005','merv.permalloo@hospital.nhs.uk','01234 567894','Day Shift One','Day Shift A','[\"Basic Porter\", \"Manual Handling\"]',1,'2025-09-12 10:07:11','2025-09-12 13:28:10'),(6,'Rob Mcpartland','P006','rob.mcpartland@hospital.nhs.uk','01234 567895','Day Shift Two','Day Shift B','[\"Basic Porter\", \"Manual Handling\"]',1,'2025-09-12 10:07:11','2025-09-12 13:28:10'),(7,'John Evans','P007','john.evans@hospital.nhs.uk','01234 567896','Day Shift Two','Day Shift B','[\"Basic Porter\", \"Manual Handling\"]',1,'2025-09-12 10:07:11','2025-09-12 13:28:10'),(8,'Charlotte Rimmer','P008','charlotte.rimmer@hospital.nhs.uk','01234 567897','Day Shift Two','Day Shift B','[\"Basic Porter\", \"Manual Handling\"]',1,'2025-09-12 10:07:11','2025-09-12 13:28:10'),(9,'Carla Barton','P009','carla.barton@hospital.nhs.uk','01234 567898','Day Shift Two','Day Shift B','[\"Basic Porter\", \"Manual Handling\"]',1,'2025-09-12 10:07:11','2025-09-12 13:28:10'),(10,'Andrew Trudgeon','P010','andrew.trudgeon@hospital.nhs.uk','01234 567899','Day Shift Two','Day Shift B','[\"Basic Porter\", \"Manual Handling\"]',1,'2025-09-12 10:07:11','2025-09-12 13:28:10'),(11,'Regan Stringer','P011','regan.stringer.porter@hospital.nhs.uk','01234 567890','Day Shift One','Day Shift A','[\"Basic Porter\"]',1,'2025-09-12 10:59:20','2025-09-12 13:28:10'),(12,'Matthew Cope','P012','matthew.cope.porter@hospital.nhs.uk','01234 567890','Day Shift One','Day Shift A','[\"Basic Porter\"]',1,'2025-09-12 10:59:20','2025-09-12 13:28:10'),(13,'AJ','P013','aj.porter@hospital.nhs.uk','01234 567890','Regular','Day Shift A','[\"Basic Porter\"]',1,'2025-09-12 10:59:20','2025-09-12 14:39:58'),(14,'Michael Shaw','P014','michael.shaw.porter@hospital.nhs.uk','01234 567890','Day Shift One','Day Shift A','[\"Basic Porter\"]',1,'2025-09-12 10:59:20','2025-09-12 13:28:10'),(15,'Steven Richardson','P015','steven.richardson.porter@hospital.nhs.uk','01234 567890','Day Shift One','Day Shift C','[\"Basic Porter\"]',1,'2025-09-12 10:59:20','2025-09-12 14:48:46'),(16,'Chris Roach','P016','chris.roach.porter@hospital.nhs.uk','01234 567890','Day Shift One','Day Shift A','[\"Basic Porter\"]',1,'2025-09-12 10:59:20','2025-09-12 13:28:10'),(17,'Simon Collins','P017','simon.collins.porter@hospital.nhs.uk','01234 567890','Relief','Relief','[\"Basic Porter\"]',1,'2025-09-12 10:59:20','2025-09-12 16:01:20'),(18,'James Bennett','P018','james.bennett.porter@hospital.nhs.uk','01234 567890','Regular','Standard Weekdays','[\"Basic Porter\"]',1,'2025-09-12 10:59:20','2025-09-12 17:55:22'),(19,'Stepen Bowater','P019','stepen.bowater.porter@hospital.nhs.uk','01234 567890','Day Shift One','PTS 8-8 A','[\"Basic Porter\"]',1,'2025-09-12 10:59:20','2025-09-12 14:48:06'),(20,'Matthew Bennett','P020','matthew.bennett.porter@hospital.nhs.uk','01234 567890','Day Shift One','Day Shift B','[\"Basic Porter\"]',1,'2025-09-12 10:59:20','2025-09-12 14:46:31'),(21,'Stephen Scarsbrook','P021','stephen.scarsbrook.porter@hospital.nhs.uk','01234 567890','Day Shift One','Day Shift B','[\"Basic Porter\"]',1,'2025-09-12 10:59:20','2025-09-12 14:48:26'),(22,'Jordon Fish','P022','jordon.fish.porter@hospital.nhs.uk','01234 567890','Day Shift One','Day Shift A','[\"Basic Porter\"]',1,'2025-09-12 10:59:20','2025-09-12 13:28:10'),(23,'Stephen Haughton','P023','stephen.haughton.porter@hospital.nhs.uk','01234 567890','Day Shift One','Day Shift C','[\"Basic Porter\"]',1,'2025-09-12 10:59:20','2025-09-12 14:48:34'),(24,'Stephen Maher','P024','stephen.maher.porter@hospital.nhs.uk','01234 567890','Day Shift One','Day Shift C','[\"Basic Porter\"]',1,'2025-09-12 10:59:20','2025-09-12 14:48:31'),(25,'Marcus Huntington','P025','marcus.huntington.porter@hospital.nhs.uk','01234 567890','Day Shift One','Day Shift B','[\"Basic Porter\"]',1,'2025-09-12 10:59:20','2025-09-12 14:46:02'),(26,'Mark Walton','P026','mark.walton.porter@hospital.nhs.uk','01234 567890','Day Shift One','Standard Weekdays','[\"Basic Porter\"]',1,'2025-09-12 10:59:20','2025-09-12 14:46:18'),(27,'Allen Butler','P027','allen.butler.porter@hospital.nhs.uk','01234 567890','Day Shift One','Standard Weekdays','[\"Basic Porter\"]',1,'2025-09-12 10:59:20','2025-09-12 14:12:13'),(28,'Craig Butler','P028','craig.butler.porter@hospital.nhs.uk','01234 567890','Day Shift One','Standard Weekdays','[\"Basic Porter\"]',1,'2025-09-12 10:59:20','2025-09-12 15:57:14'),(29,'Martin Hobson','P029','martin.hobson.porter@hospital.nhs.uk','01234 567890','Day Shift One','Night Shift A','[\"Basic Porter\"]',1,'2025-09-12 10:59:20','2025-09-12 14:46:23'),(30,'Martin Kenyon','P030','martin.kenyon.porter@hospital.nhs.uk','01234 567890','Day Shift One','Night Shift B','[\"Basic Porter\"]',1,'2025-09-12 10:59:20','2025-09-12 14:46:27'),(31,'Scott Cartledge','P031','scott.cartledge.porter@hospital.nhs.uk','01234 567890','Day Shift One','Night Shift B','[\"Basic Porter\"]',1,'2025-09-12 10:59:20','2025-09-12 14:47:55'),(32,'Tony Batters','P032','tony.batters.porter@hospital.nhs.uk','01234 567890','Day Shift One','Night Shift B','[\"Basic Porter\"]',1,'2025-09-12 10:59:20','2025-09-12 14:49:13'),(33,'Lewis Yearsley','P033','lewis.yearsley.porter@hospital.nhs.uk','01234 567890','Day Shift One','Night Shift B','[\"Basic Porter\"]',1,'2025-09-12 10:59:20','2025-09-12 14:45:44'),(34,'Tomas Konkol','P034','tomas.konkol.porter@hospital.nhs.uk','01234 567890','Day Shift One','Night Shift A','[\"Basic Porter\"]',1,'2025-09-12 10:59:20','2025-09-12 14:49:08'),(35,'David Sykes','P035','david.sykes.porter@hospital.nhs.uk','01234 567890','Relief','Relief','[\"Basic Porter\"]',1,'2025-09-12 10:59:20','2025-09-12 18:05:51'),(36,'Darren Flowers','P036','darren.flowers.porter@hospital.nhs.uk','01234 567890','Day Shift One','Night Shift A','[\"Basic Porter\"]',1,'2025-09-12 10:59:20','2025-09-12 14:43:38'),(37,'Brian Cassidy','P037','brian.cassidy.porter@hospital.nhs.uk','01234 567890','Day Shift One','Night Shift A','[\"Basic Porter\"]',1,'2025-09-12 10:59:20','2025-09-12 14:42:51'),(38,'Karen Blackett','P038','karen.blackett.porter@hospital.nhs.uk','01234 567890','Day Shift One','Night Shift A','[\"Basic Porter\"]',1,'2025-09-12 10:59:20','2025-09-12 14:45:19'),(39,'James Mitchell','P039','james.mitchell.porter@hospital.nhs.uk','01234 567890','Day Shift One','Night Shift A','[\"Basic Porter\"]',1,'2025-09-12 10:59:20','2025-09-12 14:44:54'),(40,'Alan Kelly','P040','alan.kelly.porter@hospital.nhs.uk','01234 567890','Regular','Night Shift B','[\"Basic Porter\"]',1,'2025-09-12 10:59:20','2025-09-12 18:06:49'),(41,'George Willerton','P041','george.willerton.porter@hospital.nhs.uk','01234 567890','Relief','Relief','[\"Basic Porter\"]',1,'2025-09-12 10:59:20','2025-09-12 16:00:51'),(42,'Matthew Rushton','P042','matthew.rushton.porter@hospital.nhs.uk','01234 567890','Relief','Relief','[\"Basic Porter\"]',1,'2025-09-12 10:59:20','2025-09-12 16:01:32'),(43,'Stuart Ford','P043','stuart.ford.porter@hospital.nhs.uk','01234 567890','Regular','Standard Weekdays','[\"Basic Porter\"]',1,'2025-09-12 10:59:20','2025-09-12 18:04:36'),(44,'Lee Stafford','P044','lee.stafford.porter@hospital.nhs.uk','01234 567890','Regular','Standard Weekdays','[\"Basic Porter\"]',1,'2025-09-12 10:59:20','2025-09-12 17:57:15'),(45,'Nicola Benger','P045','nicola.benger.porter@hospital.nhs.uk','01234 567890','Regular','Standard Weekdays','[\"Basic Porter\"]',1,'2025-09-12 10:59:20','2025-09-12 17:59:43'),(46,'Jeff Robinson','P046','jeff.robinson.porter@hospital.nhs.uk','01234 567890','Day Shift One','Standard Weekdays','[\"Basic Porter\"]',1,'2025-09-12 10:59:20','2025-09-12 14:45:02'),(47,'Dean Pickering','P047','dean.pickering.porter@hospital.nhs.uk','01234 567890','Regular','Standard Weekdays','[\"Basic Porter\"]',1,'2025-09-12 10:59:20','2025-09-12 17:52:46'),(48,'Mark Lloyd','P048','mark.lloyd.porter@hospital.nhs.uk','01234 567890','Regular','Standard Weekdays','[\"Basic Porter\"]',1,'2025-09-12 10:59:20','2025-09-12 17:58:51'),(49,'Soloman Offei','P049','soloman.offei.porter@hospital.nhs.uk','01234 567890','Relief','Relief','[\"Basic Porter\"]',1,'2025-09-12 10:59:20','2025-09-12 16:01:04'),(50,'Stephen Burke','P050','stephen.burke.porter@hospital.nhs.uk','01234 567890','Regular','Standard Weekdays','[\"Basic Porter\"]',1,'2025-09-12 10:59:20','2025-09-12 18:04:11'),(51,'Julie Greenough','P051','julie.greenough.porter@hospital.nhs.uk','01234 567890','Regular','Standard Weekdays','[\"Basic Porter\"]',1,'2025-09-12 10:59:20','2025-09-12 17:56:38'),(52,'Edward Collier','P052','edward.collier.porter@hospital.nhs.uk','01234 567890','Regular','Standard Weekdays','[\"Basic Porter\"]',1,'2025-09-12 10:59:20','2025-09-12 17:52:39'),(53,'Phil Hollinshead','P053','phil.hillinshead.porter@hospital.nhs.uk','01234 567890','Regular','Standard Weekdays','[\"Basic Porter\"]',1,'2025-09-12 10:59:20','2025-09-12 18:02:59'),(54,'Kevin Tomlinson','P054','kevin.tomlinson.porter@hospital.nhs.uk','01234 567890','Day Shift One','Day Shift A','[\"Basic Porter\"]',1,'2025-09-12 10:59:20','2025-09-12 13:28:10'),(55,'Colin Bromley','P055','colin.bromley.porter@hospital.nhs.uk','01234 567890','Day Shift One','PTS 8-8 A','[\"Basic Porter\"]',1,'2025-09-12 10:59:20','2025-09-12 14:43:13'),(56,'Gary Booth','P056','gary.booth.porter@hospital.nhs.uk','01234 567890','Day Shift One','PTS 8-8 A','[\"Basic Porter\"]',1,'2025-09-12 10:59:20','2025-09-12 14:44:13'),(57,'Lynne Warner','P057','lynne.warner.porter@hospital.nhs.uk','01234 567890','Day Shift One','PTS 12-8','[\"Basic Porter\"]',1,'2025-09-12 10:59:20','2025-09-12 14:45:57'),(58,'Roy Harris','P058','roy.harris.porter@hospital.nhs.uk','01234 567890','Day Shift One','PTS 12-8','[\"Basic Porter\"]',1,'2025-09-12 10:59:20','2025-09-12 14:47:45'),(59,'Ian Moss','P059','ian.moss.porter@hospital.nhs.uk','01234 567890','Day Shift One','PTS 1-1 B','[\"Basic Porter\"]',1,'2025-09-12 10:59:20','2025-09-12 14:44:35'),(60,'Stephen Kirk','P060','stephen.kirk.porter@hospital.nhs.uk','01234 567890','Day Shift One','Night Shift B','[\"Basic Porter\"]',1,'2025-09-12 10:59:20','2025-09-12 14:48:18'),(61,'Gavin Mardsden','P061','gavin.mardsden.porter@hospital.nhs.uk','01234 567890','Day Shift One','PTS 8-8 B','[\"Basic Porter\"]',1,'2025-09-12 10:59:20','2025-09-12 14:44:21'),(62,'Andrew Hassall','P062','andrew.hassall.porter@hospital.nhs.uk','01234 567890','Day Shift One','PTS 1-1 A','[\"Basic Porter\"]',1,'2025-09-12 10:59:20','2025-09-12 14:42:23'),(63,'Paul Fisher','P063','paul.fisher.porter@hospital.nhs.uk','01234 567890','Day Shift One','PTS 8-8 B','[\"Basic Porter\"]',1,'2025-09-12 10:59:20','2025-09-12 14:47:25'),(64,'Kyle Sanderson','P064','kyle.sanderson.porter@hospital.nhs.uk','01234 567890','Day Shift One','Standard Weekdays','[\"Basic Porter\"]',1,'2025-09-12 10:59:20','2025-09-12 14:45:35'),(65,'Peter Moss','P065','peter.moss.porter@hospital.nhs.uk','01234 567890','Regular','Standard Weekdays','[\"Basic Porter\"]',1,'2025-09-12 10:59:20','2025-09-12 18:02:07'),(66,'Chris Wardle','P066','chris.wardle.porter@hospital.nhs.uk','01234 567890','Regular','Departmental','[\"Basic Porter\"]',1,'2025-09-12 10:59:20','2025-09-12 17:51:09'),(67,'Eloisa Andrew','P067','eloisa.andrew.porter@hospital.nhs.uk','01234 567890','Regular','Standard Weekdays','[\"Basic Porter\"]',1,'2025-09-12 10:59:20','2025-09-12 17:53:37'),(68,'Gary Bromley','P068','gary.bromley.porter@hospital.nhs.uk','01234 567890','Regular','Standard Weekdays','[\"Basic Porter\"]',1,'2025-09-12 10:59:20','2025-09-12 17:54:15'),(69,'Mike Brennan','P069','mike.brennan.porter@hospital.nhs.uk','01234 567890','Regular','Standard Weekdays','[\"Basic Porter\"]',1,'2025-09-12 10:59:20','2025-09-12 17:59:19'),(70,'Lucy Redfearn','P070','lucy.redfearn.porter@hospital.nhs.uk','01234 567890','Day Shift One','Day Shift B','[\"Basic Porter\"]',1,'2025-09-12 10:59:20','2025-09-12 14:45:51'),(71,'Joe Redfearn','P071','joe.redfearn.porter@hospital.nhs.uk','01234 567890','Day Shift One','Night Shift B','[\"Basic Porter\"]',1,'2025-09-12 10:59:20','2025-09-12 14:45:06'),(72,'Mark Dickinson','P072','mark.dickinson.porter@hospital.nhs.uk','01234 567890','Regular','Standard Weekdays','[\"Basic Porter\"]',1,'2025-09-12 10:59:20','2025-09-12 17:57:46'),(73,'Ian Speakes','P073','ian.speakes.porter@hospital.nhs.uk','01234 567890','Regular','Standard Weekdays','[\"Basic Porter\"]',1,'2025-09-12 10:59:20','2025-09-12 17:54:56'),(74,'Paul Berry','P074','paul.berry.porter@hospital.nhs.uk','01234 567890','Regular','Standard Weekdays','[\"Basic Porter\"]',1,'2025-09-12 10:59:20','2025-09-12 18:01:07'),(75,'Robert Frost','P075','robert.frost.porter@hospital.nhs.uk','01234 567890','Regular','Standard Weekdays','[\"Basic Porter\"]',1,'2025-09-12 10:59:20','2025-09-12 18:03:27'),(76,'Andrew Gibson','P076','andrew.gibson.porter@hospital.nhs.uk','01234 567890','Regular','Standard Weekdays','[\"Basic Porter\"]',1,'2025-09-12 10:59:20','2025-09-12 17:50:06'),(77,'Nigel Beesley','P077','nigel.beesley.porter@hospital.nhs.uk','01234 567890','Regular','Standard Weekdays','[\"Basic Porter\"]',1,'2025-09-12 10:59:20','2025-09-12 18:00:18'),(78,'Paul Flowers','P078','paul.flowers.porter@hospital.nhs.uk','01234 567890','Regular','Standard Weekdays','[\"Basic Porter\"]',1,'2025-09-12 10:59:20','2025-09-12 18:01:38'),(79,'Mark Haughton','P079','mark.haughton.porter@hospital.nhs.uk','01234 567890','Regular','Standard Weekdays','[\"Basic Porter\"]',1,'2025-09-12 10:59:20','2025-09-12 17:58:15'),(80,'Alan Quinn','P080','alan.quinn.porter@hospital.nhs.uk','01234 567890','Regular','Standard Weekdays','[\"Basic Porter\"]',1,'2025-09-12 10:59:20','2025-09-12 17:53:02'),(81,'Chris Huckaby','P081','chris.huckaby.porter@hospital.nhs.uk','01234 567890','Regular','Standard Weekdays','[\"Basic Porter\"]',1,'2025-09-12 10:59:20','2025-09-12 17:49:52'),(82,'Jason Newton','P082','jason.newton.porter@hospital.nhs.uk','01234 567890','Regular','Standard Weekdays','[\"Basic Porter\"]',1,'2025-09-12 10:59:20','2025-09-12 17:55:50'),(83,'Stuart Lomas','P083','stuart.lomas.porter@hospital.nhs.uk','01234 567890','Regular','Standard Weekdays','[\"Basic Porter\"]',1,'2025-09-12 10:59:20','2025-09-12 18:05:04'),(84,'Kyle Blackshaw','P084','kyle.blackshaw.porter@hospital.nhs.uk','01234 567890','Day Shift One','Standard Weekdays','[\"Basic Porter\"]',1,'2025-09-12 10:59:20','2025-09-12 14:45:31'),(85,'Martin Smith','P085','martin.smith.porter@hospital.nhs.uk','01234 567890','Supervisor','Supervisor Shifts A','[\"Basic Porter\"]',1,'2025-09-12 10:59:20','2025-09-12 15:58:06'),(86,'Martin Fearon','P086','martin.fearon.porter@hospital.nhs.uk','01234 567890','Supervisor','Supervisor Shifts A','[\"Basic Porter\"]',1,'2025-09-12 10:59:21','2025-09-12 15:58:03'),(87,'Luke Clements','P087','luke.clements.porter@hospital.nhs.uk','01234 567890','Supervisor','Supervisor Shifts A','[\"Basic Porter\"]',1,'2025-09-12 10:59:21','2025-09-12 15:58:00'),(88,'Chris Crombie','P088','chris.crombie.porter@hospital.nhs.uk','01234 567890','Supervisor','Supervisor Shifts A','[\"Basic Porter\"]',1,'2025-09-12 10:59:21','2025-09-12 15:57:00'),(89,'Chris Threadgold','P089','chris.threadgold.porter@hospital.nhs.uk','01234 567890','Supervisor','Supervisor Shifts A','[\"Basic Porter\"]',1,'2025-09-12 10:59:21','2025-09-12 15:57:03');
/*!40000 ALTER TABLE `porters` ENABLE KEYS */;
UNLOCK TABLES;

--
-- Table structure for table `shift_patterns`
--

DROP TABLE IF EXISTS `shift_patterns`;
/*!40101 SET @saved_cs_client     = @@character_set_client */;
/*!50503 SET character_set_client = utf8mb4 */;
CREATE TABLE `shift_patterns` (
  `id` varchar(50) NOT NULL,
  `name` varchar(255) NOT NULL,
  `description` text,
  `start_time` time NOT NULL,
  `end_time` time NOT NULL,
  `rotation_type` enum('fixed','alternating','rotating') DEFAULT 'fixed',
  `rotation_days` int DEFAULT '1',
  `offset_days` int DEFAULT '0',
  `is_active` tinyint(1) DEFAULT '1',
  `created_at` timestamp NULL DEFAULT CURRENT_TIMESTAMP,
  `updated_at` timestamp NULL DEFAULT CURRENT_TIMESTAMP ON UPDATE CURRENT_TIMESTAMP,
  PRIMARY KEY (`id`),
  KEY `idx_name` (`name`),
  KEY `idx_active` (`is_active`)
) ENGINE=InnoDB DEFAULT CHARSET=utf8mb4 COLLATE=utf8mb4_0900_ai_ci;
/*!40101 SET character_set_client = @saved_cs_client */;

--
-- Dumping data for table `shift_patterns`
--

LOCK TABLES `shift_patterns` WRITE;
/*!40000 ALTER TABLE `shift_patterns` DISABLE KEYS */;
INSERT INTO `shift_patterns` VALUES ('day_shift','Day Shift A','Standard day shift 7am-7pm','08:00:00','20:00:00','alternating',8,0,1,'2025-09-12 10:07:11','2025-09-12 13:32:08'),('early_shift','Day Shift B','Early morning shift 6am-2pm','08:00:00','20:00:00','alternating',8,4,1,'2025-09-12 10:07:11','2025-09-12 13:32:39'),('late_shift','Day Shift C','Late shift 2pm-10pm','08:00:00','20:00:00','alternating',8,2,1,'2025-09-12 10:07:11','2025-09-12 13:33:29'),('night_shift','Night Shift A','Standard night shift 7pm-7am','20:00:00','08:00:00','alternating',8,0,1,'2025-09-12 10:07:11','2025-09-12 13:33:58'),('shift_1757684067392','Night Shift B',NULL,'20:00:00','08:00:00','alternating',8,4,1,'2025-09-12 13:34:27','2025-09-12 13:34:27'),('shift_1757684094920','PTS 8-8 A',NULL,'08:00:00','20:00:00','alternating',8,0,1,'2025-09-12 13:34:54','2025-09-12 13:34:54'),('shift_1757684124195','PTS 8-8 B',NULL,'08:00:00','20:00:00','alternating',8,4,1,'2025-09-12 13:35:24','2025-09-12 13:35:24'),('shift_1757684158765','PTS 12-8',NULL,'12:00:00','20:00:00','fixed',7,0,1,'2025-09-12 13:35:58','2025-09-12 13:35:58'),('shift_1757684191821','PTS 1-1 A',NULL,'13:00:00','01:00:00','alternating',8,0,1,'2025-09-12 13:36:31','2025-09-12 13:36:31'),('shift_1757684215618','PTS 1-1 B',NULL,'13:00:00','01:00:00','alternating',8,4,1,'2025-09-12 13:36:55','2025-09-12 13:36:55'),('shift_1757684264538','Standard Weekdays',NULL,'06:00:00','18:00:00','fixed',7,0,1,'2025-09-12 13:37:44','2025-09-12 13:37:44'),('shift_1757684320466','Weekends',NULL,'06:00:00','18:00:00','fixed',7,5,1,'2025-09-12 13:38:40','2025-09-12 13:38:40'),('shift_1757687294588','Supervisor Shifts A',NULL,'08:00:00','20:00:00','alternating',8,0,1,'2025-09-12 14:28:14','2025-09-12 14:29:18'),('shift_1757687318574','Supervisor Day Shift B',NULL,'08:00:00','20:00:00','alternating',8,4,0,'2025-09-12 14:28:38','2025-09-12 14:29:02'),('test_shift_123','Test Shift','Test shift for validation','08:00:00','16:00:00','fixed',1,0,0,'2025-09-12 13:30:10','2025-09-12 13:30:30'),('test_shift_dropdown','Test Dropdown Shift','Test shift for dropdown verification','09:00:00','17:00:00','fixed',1,0,0,'2025-09-12 14:09:46','2025-09-12 14:10:12');
/*!40000 ALTER TABLE `shift_patterns` ENABLE KEYS */;
UNLOCK TABLES;
/*!40103 SET TIME_ZONE=@OLD_TIME_ZONE */;

/*!40101 SET SQL_MODE=@OLD_SQL_MODE */;
/*!40014 SET FOREIGN_KEY_CHECKS=@OLD_FOREIGN_KEY_CHECKS */;
/*!40014 SET UNIQUE_CHECKS=@OLD_UNIQUE_CHECKS */;
/*!40101 SET CHARACTER_SET_CLIENT=@OLD_CHARACTER_SET_CLIENT */;
/*!40101 SET CHARACTER_SET_RESULTS=@OLD_CHARACTER_SET_RESULTS */;
/*!40101 SET COLLATION_CONNECTION=@OLD_COLLATION_CONNECTION */;
/*!40111 SET SQL_NOTES=@OLD_SQL_NOTES */;

-- Dump completed on 2025-09-12 18:07:44
